NAME,RA,DEC
HD1799,288.888458,-24.179353
HD390,86.821208,-51.066528000000005
