NAME,RA,DEC
51 Eri,4.626697222391765,-2.473391666412354
51 Peg,22.95773611121707,20.768683333396908
HD 179949,19.25920833375719,-24.17910555521647
M 67 YBP 1194,8.85022500000066,11.81465555508932
PSR B1257+12,13.00099361108409,12.682333333757189
