NAME,RA,DEC
51 E,4.626697222391765,-2.473391666412354
51 P,22.95773611121707,20.768683333396908
