NAME,RA,DEC
51 Peg,22.9577361112,20.7686833334
HD 179949,19.2592083338,-24.1791055552
