NAME,RA,DEC
HD 1470,16.38343611111243,-61.68799444463517
mu A,17.73575555562973,-51.83358888889353
