NAME,RA,DEC
beta Pic,5.788077777756585,-51.06671388888939
HD 46375,6.553488889005449,5.46316111140781
55 Cnc,8.876702778074478,28.33138888888889
GJ 436,11.70291944450802,26.708547222349377
alpha Cen B,14.66094166649713,-60.83948055532244
epsilon CrB,15.95980555534363,26.878024999830465
HD 179949,19.25920833375719,-24.17910555521647
Kepler-1008,19.76983611106872,44.94194444444444
HD 218566,23.15287777768241,-2.26050833384196
